Name,URL,Title,Author
Administrative Review Tribunal (Miscellaneous Measures) Act 2025_NEW.pdf,https://www.ato.gov.au/law/view/pdf/acts/20250014.pdf,Administrative Review Tribunal (Miscellaneous Measures) Act 2025,Australian Government
Appropriation Act (No. 1) 2024-2025_NEW.pdf,https://www.aph.gov.au/Parliamentary_Business/Bills_Legislation/Bills_Search_Results/Result?bId=r7186,Appropriation Act (No. 1) 2024-2025,Australian Government
Australia's Disability Strategy 2021-2031_OLD.pdf,"https://www.disabilitygateway.gov.au/sites/default/files/documents/2021-12/australias-disability-strategy-2021
-2031.pdf",Australia's Disability Strategy 2021-2031 | 2024 update: Building a more inclusive Australia,Department of Social Services - Australian Government
Australia’s Disability Strategy 2021-2031_NEW.pdf,,,
Disability (Access to Premises – Buildings) Amendment Standards 2020_NEW.pdf,,,
Disability Discrimination Act _1992_Legislation_OLD.pdf,https://www.legislation.gov.au/Details/C2021C00375/Download,Disability Discrimination Act 1992,Australian Government
Disability Services and Inclusion (Complaints and Incidents Management) Rules 2023_NEW.pdf,,,
Disability Services and Inclusion Act 2023_NEW.pdf,https://www.legislation.gov.au/C2023A00107/latest/text,Disability Services and Inclusion Act 2023,Australian Government
Disability Standards for Education 2005_Explanatory statement_OLD.pdf,https://www.legislation.gov.au/F2005L00767/latest/text/explanatory-statement,Explanatory Statement - Education Standards under the Disability Discrimination Act,Australian Government
Disability Standards for Education 2005_Legislative Instrument_OLD.pdf,https://www.legislation.gov.au/F2005L00767/latest/text,Legislative Instrument - Disability Standards for Education 2005,Australian Government
Disability Standards for Education 2005_Supporting material_OLD.pdf,https://www.legislation.gov.au/F2005L00767/latest/text/supporting-material,Disability Standards for Education 2005 Guidance Notes,Australian Government
EXPLANATORY STATEMENT  Education Standards under the Disability Discrimination Act_NEW.pdf,https://www.legislation.gov.au/F2005L00767/latest/text/explanatory-statement,EXPLANATORY STATEMENT Education Standards under the Disability Discrimination Act,Australian Government
Hearing Services (Participants in the Voucher System) Amendment Determination 2013 (No. 1)_NEW.pdf,,,
Hearing Services Program (Schedule of Service Items and Fees 2024-25) Instrument (No. 1) 2024_NEW.pdf,https://www.legislation.gov.au/F2024N00484/latest/text,Hearing Services Program (Schedule of Service Items and Fees 2024-25) Instrument (No. 1) 2024,Australian Government
Hearing Services Program (Voucher) Instrument 2019_NEW.pdf,https://www.legislation.gov.au/F2019L00969/latest/text,Hearing Services Program (Voucher) Instrument 2019,Australian Government
National Action Plan for the Health of Children and Young People 2020-2030_NEW.pdf,https://www.health.gov.au/sites/default/files/documents/2021/04/national-action-plan-for-the-health-of-children-and-young-people-2020-2030-national-action-plan-for-the-health-of-children-and-young-people-2020-2030.pdf,National Action Plan for the Health of Children and Young People,Australian Government
NDIS (Children) Rules  2013_NEW.pdf,,,
NDIS (Code of Conduct) Rules 2018_NEW.pdf,https://www.legislation.gov.au/F2018L00629/latest/text,National Disability Insurance Scheme (Children) Rules 2013,Australian Government
NDIS (Complaints Management and Resolution) Rules 2018_NEW.pdf,,,
NDIS (NDIS Provider Definition) Amendment Rule 2022_NEW.pdf,,,
NDIS (Quality Indicators for NDIS Practice Standards) Guidelines 2018_NEW.pdf,,Compilations—Agency prepared template,
NDIS (Supports for Participants) Rules 2013_NEW.pdf,,,
NDIS (Variation and Reassessment of Participants’ Plans) Rules 2025_NEW.pdf,,,"HINWOOD, Laura"
NDIS Act 2013_Legislation_OLD.pdf,https://www.legislation.gov.au/Details/C2023C00397/Download,National Disability Insurance Scheme Act 2013,Australian Government
NDIS Amendment (Getting the NDIS Back on Track No. 1) Act 2024_NEW.pdf,,,
NDIS Amendment (Participant Service Guarantee and Other Measures) Act 2022_NEW.pdf,,,
NDIS Amendment (Quality and Safeguards Commission and Other Measures) Act 2017_NEW.pdf,,,
NDIS Legislation Amendment Act 2013_NEW.pdf,https://www.legislation.gov.au/C2013A00044/latest/text,National Disability Insurance Scheme Legislation Amendment Act 2013,Australian Government
"Public Governance, Performance and Accountability (Section 75 Transfers) Determination 2017-2018_NEW.pdf",,,
1. Recognising Hearing Loss.indd.pdf,https://www.deafchildrenaustralia.org.au/wp-content/uploads/2021/06/recognising-hearing-loss.pdf,Recognising Hearing Loss,Deaf Children Australia
2. Degrees of Hearing Loss.indd.pdf,https://www.deafchildrenaustralia.org.au/wp-content/uploads/2021/06/degrees-hearing-loss.pdf,Degrees of hearing loss,Deaf Children Australia
3.Types of Hearing Loss.indd.pdf,https://www.deafchildrenaustralia.org.au/wp-content/uploads/2021/06/types-hearing-loss.pdf,Types of Hearing Loss,Deaf Children Australia
6. GENETIC HEARING LOSS .indd.pdf,https://www.deafchildrenaustralia.org.au/wp-content/uploads/2021/06/genetic-hearing-loss.pdf,Genetic causes of hearing loss,Deaf Children Australia
7. MEASURING HEARING.indd.pdf,https://www.deafchildrenaustralia.org.au/wp-content/uploads/2021/06/measuring-hearing.pdf,Measuring Hearing,Deaf Children Australia
Benefits of Auslan in Early Intervention - Deaf Connect_OLD.pdf,https://deafconnect.org.au/wp-content/uploads/2022/11/BENEFITS_OF_AUSLAN_EARLY_INTERVENTION_v4_DIGITAL.pdf,Exploring the Benefits of Auslan in Early Intervention Approaches for Deaf Children,Deaf Australia | Deaf Connect
Best Practices in Family-Centred EI - Aurora School_OLD.pdf,https://www.auroraschool.vic.edu.au/wp-content/uploads/2023/10/Best_Practices_in_Family_Centered_Early_Intervention_ENG.pdf,Best Practices in Family-Centered Early Intervention for Children Who Are Deaf or Hard of Hearing: An International Consensus Statement,Journal of Deaf Studies and Deaf Education
EI & Education Summit Report -_Deafaustralia_OLD.pdf,https://deafaustralia.org.au/wp-content/uploads/2022/05/EI-and-Education-Summit-report-2013.pdf,Early Intervention & Education for Deaf and Hard of Hearing Children,Grant Thorton | Deaf Australia Inc
Family-Centered Early Intervention Deaf_Hard of Hearing (FCEI-DHH)_ Support Principles_NEW.pdf,https://academic.oup.com/jdsde/article/29/SI/SI64/7616220,Family-Centered Early Intervention Deaf/Hard of Hearing (FCEI-DHH): Support Principles,Journal of Deaf Studies and Deaf Education
Final_8-30-2017_NEW.pdf,https://www.handsandvoices.org/resources/pubs/Final_8-30-2017.pdf,A PARENTS GUIDE TO DEAF AND HARD OF HEARING EARLY INTERVENTION RECOMMENDATIONS,Hands & Voices
Hearing loss and your baby the next step_NEW.pdf,https://www.health.nsw.gov.au/kidsfamilies/MCFhealth/Publications/hearing-loss-and-your-baby-the-next-step.pdf,Hearing loss and your baby: the next step,NSW State Government
Multidimensional Family-Centre_Alsepneo_OLD.pdf,https://www.alsepneo.com/wp-content/uploads/2022/04/Multidimensional-Family-Centred-Early-Intervention.pdf,Multidimensional Family-Centred Early Intervention in Children with Hearing Loss: A Conceptual Model,Journal of Clinical Medicine
NDIS and Children with Hearing Loss - ADK_OLD.pdf,https://www.aussiedeafkids.org.au/user-assets/NDIS%20and%20children%20with%20hearing%20loss.pdf,"Children with Hearing Loss, Their Families and the National Disability Insurance Scheme",Parents of the Hearing Impaird of South Australia | Aussie Deaf Kids | Parents of Deaf Children
Policy on Early Intervention for DHH Children_OLD.pdf,https://www.aph.gov.au/DocumentStore.ashx?id=e8cbc1dd-6a5d-4f25-9a66-1f3eada1cf52&subId=400764,Policy on Early Intervention for Deaf and Hard of Hearing Children,Deaf Australia Inc.
QLD Minimum Standards of Practice - Early Intervention_OLD.pdf,https://www.childrens.health.qld.gov.au/__data/assets/pdf_file/0025/174805/hh-min-stds-prac-qld.pdf,Queensland Minimum Standards of Practice Early intervention for children who are deaf or hard of hearing and their families,Queensland Government
RLT - importance of eye tests (Facebook Post)_NEW.pdf,https://www.aussiedeafkids.org.au/importance-regular-eye-tests/,REAL LIFE TIPS - The importance of regular eye tests,Aussie Deaf Kids
rlt-fill-in-the-gaps_NEW.pdf,https://www.aussiedeafkids.org.au/fill-in-the-gaps/,REAL LIFE TIPS - Fill in the gaps,Aussie Deaf Kids
rlt-how-to-frame-success_NEW.pdf,https://www.aussiedeafkids.org.au/wp-content/uploads/2024/09/rlt-how-to-frame-success.pdf,REAL LIFE TIPS - How to frame success for your child,Aussie Deaf Kids
Your Baby’s Hearing and Communicative Development Checklist_NEW.pdf,,,
11. Education.indd.pdf,https://www.deafchildrenaustralia.org.au/wp-content/uploads/2021/06/choosing-school.pdf,Education,Deaf Children Australia
A quick guide to communication_Aussiedeafkids_OLD.pdf,https://www.aussiedeafkids.org.au/resources/language-and-communication/getting-started/a-quick-guide-to-communication/,A quick guide to communication,Aussie Deaf Kids
auslan.pdf,https://www.deafchildrenaustralia.org.au/wp-content/uploads/2021/06/auslan.pdf,Auslan Zoom Friendly Activities,Deaf Children Australia
Copy of NAPLAN provisions & rights to sit test_NEW.pdf,https://www.aussiedeafkids.org.au/naplan-adjustments/,REAL LIFE TIPS NAPLAN adjustments & right to sit test,Aussie Deaf Kids
deaf-child-classroom.pdf,https://www.deafchildrenaustralia.org.au/wp-content/uploads/2021/06/deaf-child-classroom.pdf,A Deaf or Hard of Hearing Student in the Classroom,Aussie Deaf Kids
describe-people-hearing-loss.pdf,https://www.deafchildrenaustralia.org.au/wp-content/uploads/2021/06/describe-people-hearing-loss.pdf,What are the different words used to describe people with hearing loss?,Aussie Deaf Kids
Describing Hearing Loss_Aussiedeafkids_OLD.pdf,https://www.aussiedeafkids.org.au/resources/your-childs-hearing/hearing-loss/describing-hearing-loss/,Describing Hearing Loss,Aussie Deaf Kids
Describing the severity of a hearing loss_Aussiedeafkids_OLD.pdf,https://www.aussiedeafkids.org.au/resources/your-childs-hearing/hearing-loss/describing-the-severity-of-a-hearing-loss/,Describing the severity of a hearing loss,Aussie Deaf Kids
NSO_1467-Choices-Publication_digital_JAN24.pdf,https://www.hearing.com.au/getmedia/8bf167c1-3628-4e2d-b950-c37d90523eff/NSO_1467-Choices-Publication_digital_JAN24.pdf,Choices,Hearing Australia
nsw.gov.au-Child with disability or additional needs starting primary school_NEW.pdf,"https://www.nsw.gov.au/education-and-training/primary-and-high-school/starting-primary-school/starting-primary-school-disability-or-additional-needs#:~:text=ideally%2C%20make%20an%20appointment%20with,the%20options%20and%20services%20available.",Child with disability or additional needs starting primary school,NSW State Government
rlt-reading-an-audiogram.pdf,https://www.aussiedeafkids.org.au/wp-content/uploads/2023/12/rlt-reading-an-audiogram.pdf,REAL LIFE TIPS - Reading an Audiogram,Aussie Deaf Kids
Sound Waves_Aussiedeafkids_OLD.pdf,https://www.aussiedeafkids.org.au/wp-content/uploads/2024/12/Sound-Waves-section-5.pdf,Sound Waves | Living with unilateral hearing loss,Aussie Deaf Kids
CRPD General Comment No. 7_OLD.pdf,https://digitallibrary.un.org/record/1641694/files/CRPD_C_GC_7-EN.pdf,Commentary on the Draft Single Convention,United Nations
UN Convention on the Rights of Persons with Disabilities (CRPD)_OLD.pdf,https://www.un.org/disabilities/documents/convention/convoptprot-e.pdf,Convention on the Rights of Persons with Disabilities and Optional Protocol,United Nations
WFD-Position Paper on the Right to Sign Language for Families of Deaf Children.docx_NEW.pdf,https://signhealth.org.uk/wp-content/uploads/2024/08/2024-Position-paper-on-the-right-to-sign-language-for-families-of-deaf-children-World-Federation-of-Deaf.pdf,Position Paper on the Right to Sign Language for Families of Deaf Children,World Federation of the Deaf
ASL Assessment & Intervention Guide_OLD.pdf,https://successforkidswithhearingloss.com/wp-content/uploads/2017/02/Assessment-Intervention-ASL-User-handout.pdf,Language Assessment & Intervention for Students who use ASL,RMTC-D/HH
ASL Stages of Development Assessment_OLD.pdf,https://successforkidswithhearingloss.com/wp-content/uploads/2011/12/ASL-Stages-of-Development-Assmt.pdf,ASL STAGES OF DEVELOPMENT,Early Childhood Education Department California School for the Deaf
Assessment Manual - Students Who Are DHH_OLD.pdf,https://cehd-acquia.github.io/DHH-Resources/Assessment/AssessmentManual.pdf,Resources for Assessment of Students who are Deaf and Hard of Hearing,Minnesota Resource Center for the Deaf and Hard of Hearing
Assessment Recommendations for Children (Birth-5) Who Are DHH (NJ DOE)_OLD.pdf,https://www.nj.gov/education/broadcasts/2021/july/7/AssessmentGuideandParentResourceGuideforChildrenBirthtoFiveYearsOldwhoareDeaforHardofHearing.pdf,Assessment Guide and Parent Resource Guide for Children Birth to Five Years Old Who Are Deaf or Hard of Hearing,State of New Jersey
Assessment Resource Guide (Michigan DHH Services)_OLD.pdf,https://mdelio.org/sites/default/files/documents/DHH/ServiceDeliveryTools/AssesmentResourceGuide/Assessment_Resource_Guide_for_DHH_2021.pdf,Assessment Resource Guide for Students Who Are Deaf or Hard of Hearing,Michigan Department of Education
Assessment Tools for Students Who Are Deaf or Hard of Hearing_OLD.pdf,https://wyominginstructionalnetwork.com/wp-content/uploads/2018/05/Assessment-Tools-for-Students-Who-are-Deaf-and-Hard-of-Hearing.pdf,Assessment Tools for Students who are Deaf or Hard of Hearing,
Communication & Language Milestones - Clerc Center_OLD.pdf,https://clerccenter.gallaudet.edu/national-resources/micro-sites/setting-language-in-motion/eng/Documents/Clerc%20Microsite/Assets/Module4-CommunicationLanguageMilestones.pdf,Setting Language in Motion: Family Supports and Early Intervention for Babies Who are Deaf or Hard of Hearing,Boston Children's Hospital | Gaullaudet University | Laurent Clerc
Developmental Milestones - Han_Handsandvoices_OLD.pdf,https://www.handsandvoices.org/fl3/resources/pdfs/Developmental-Milestones.pdf,Developmental Milestones,Hands & Voices
IDEAL Language Milestones English & ASL_OLD.pdf,https://www.in.gov/health/cdhhe/files/ideal-language-milestones-english-american-sign-language.pdf,AMERICAN SIGN LANGUAGE AND ENGLISH LANGUAGE DEVELOPMENTAL MILESTONES,Jacqueline Hall-Katter
Language Assessment of Children With Hearing Loss_CANTSCAN_OLD.pdf,https://uw-ctu.org/wp-content/uploads/2020/11/language-assess-chapter.pdf,Language Assessment of Children With Hearing Loss,Hannah Eskridge | Kathryn Wilson
Montana Language Developmental Milestones_OLD.pdf,https://dphhs.mt.gov/assets/ecfsd/childcare/MilestonesandParentResources.pdf,Montana Language Developmental Milestones for Deaf and Hard of Hearing Children,Montana State Government
NJ Assessment Guide for Children (Birth-5) Who Are DHH_OLD.pdf,https://www.nj.gov/education/specialed/programs/deaf/docs/NJ Assessment Guide for Children Birth to 5 Years Old who are DHH.pdf,Select Assessments to Use with Children who are Deaf or Hard of Hearing from Birth to Five Years of Age to Evaluate Language Development,State of New Jersey
Parent Profile Language Milestones (California)_OLD.pdf,https://www.cde.ca.gov/sp/ss/dh/documents/sb210-pamplet.pdf,Parent Profile: ASL & English Language Milestones 0-5 Years of Age,California Department of Education
Setting Language in Motion - Activity Guide_OLD.pdf,https://clerccenter.gallaudet.edu/national-resources/micro-sites/activity-guide-for-professionals/Documents/Clerc Microsite/Activity1.10CommunicationandLanguageMilestones.pdf,Setting Language in Motion: Activity Guide,Gallaudet University | Laurent Clerc
Speech & Language Development Milestones - NIDCD_OLD.pdf,https://www.nidcd.nih.gov/sites/default/files/Documents/health/voice/NIDCD-Speech-Language-Dev-Milestones.pdf,,
deafplus_NEW.pdf,https://www.handsandvoices.org/comcon/articles/pdfs/deafplus.pdf,Communication Considerations,Hands & Voices
9. Assistive Technology.indd.pdf,https://www.deafchildrenaustralia.org.au/wp-content/uploads/2021/06/assistive-technology.pdf,Assistive Technology,Deaf Children Australia
A Guide to Understanding Hearing Aid Technology_NEW.pdf,https://www.health.gov.au/sites/default/files/2024-01/hearing-services-program-a-guide-to-understanding-hearing-aid-technology.pdf,A Guide to Understanding Hearing Aid Technology,Department of Health and Aged Care | Australian Government
Creating an accessible document_NEW.pdf,https://dcj.nsw.gov.au/documents/community-inclusion/disability-inclusion/creating-an-accessible-document.pdf,Creating an accessible document,NSW State Government
DCA platypus indigenous BOOKLET V3.pdf,https://www.flyingcolours.org.au/resources/how-to-look-after-hearing-aids,What is an Auslan Interpreter?,Deaf Children Australia
Hearing Services Program complaints policy_NEW.pdf,https://www.health.gov.au/resources/publications/hearing-services-program-complaints-policy?language=en,Hearing Services Program Complaints Policy,Australian Government
Hearing Services Program compliance and monitoring support framework_NEW.pdf,https://www.health.gov.au/resources/publications/hearing-services-program-compliance-and-monitoring-support-framework?language=en,Compliance Monitoring and Support Framework - Hearing Services Program,Australian Government
Hearing Services Program cultural competency resources_NEW.pdf,https://www.health.gov.au/resources/publications/hearing-services-program-cultural-competency-resources?language=en,Cultural Competency resources,Australian Government
NDIS Access Request Form_OLD.pdf,https://www.ndis.gov.au/media/2323/download,Access Request Form,NDIA
NDIS Assistive Technology Evidence Form_OLD.pdf,https://www.ndis.gov.au/media/381/download,Assessment Template  General Assistive Technology,NDIA
NDIS Supporting Evidence Form_OLD.pdf,https://www.ndis.gov.au/media/2376/download,Access Request  Supporting Evidence Form,NDIA
Using-technology-at-home_NEW.pdf,https://www.aussiedeafkids.org.au/using-assistive-technology-at-home/,Real life Tips - Using assistive technology at home,Aussie Deaf Kids
What do hearing aids do_Aussiedeafkids_OLD.pdf,https://www.aussiedeafkids.org.au/resources/your-childs-hearing/hearing-aids/what-do-hearing-aids-do/,What do hearing aids do?,Aussie Deaf Kids
10. Participation In Sport.indd.pdf,https://www.deafchildrenaustralia.org.au/wp-content/uploads/2021/06/participation-sports.pdf,Participation in Sports,Deaf Children Australia
12. Working with interpreters.indd.pdf,https://www.deafchildrenaustralia.org.au/wp-content/uploads/2021/06/working-with-interpreters.pdf,Working With Interpreters,Deaf Children Australia
badepackage_NEW.pdf,https://vl2.gallaudet.edu/pdf/badepackage.pdf,Beliefs About Deaf Education - BADE Scoring Manual,NSF International
Bimodal-Bilingual-Development-Scale_Elizabeth-Levesque-PhD_v2.pdf,https://www.aussiedeafkids.org.au/bimodal-bilingual-development-scale/,Bimodal Bilingual Development Scale,
brothers-sisters.pdf,https://www.deafchildrenaustralia.org.au/wp-content/uploads/2021/06/brothers-sisters.pdf,Brothers and Sisters of Deaf Children,Deaf Children Australia
Classroom tips_Aussiedeafkids_OLD.pdf,https://www.aussiedeafkids.org.au/resources/education/information-for-your-childs-teacher/classroom-tips/,Classroom tips,Aussie Deaf Kids
communication-home.pdf,https://www.deafchildrenaustralia.org.au/wp-content/uploads/2021/06/communication-home.pdf,Good Communication Starts at Home,Aussie Deaf Kids
communication-methods.pdf,https://www.deafchildrenaustralia.org.au/wp-content/uploads/2021/06/communication-methods.pdf,Communication Methods,Deaf Children Australia
Copy of rlt-create-signing-book.pdf,https://www.aussiedeafkids.org.au/creating-a-sign-language-booklet/,Create a sign language booklet,Aussie Deaf Kids
Copy of rlt-ear-wax-management-ear-health.pdf,https://www.aussiedeafkids.org.au/ear-wax-management-and-ear-health/,Ear wax management & ear health,Aussie Deaf Kids
DCA_ResourcesA4_What_is_an_Auslan_Interpreter.pdf,https://www.deafchildrenaustralia.org.au/wp-content/uploads/2022/09/About-Auslan-interpreters-1.pdf,,
Deaf or Hard of Hearing - A Pre-planning Toolkit_NEW.pdf,https://www.adcet.edu.au/resource/9829/file/1/Deaf%20or%20Hard%20of%20Hearing.%20Pre-planning%20toolkit.pdf,Getting the RIGHT SUPPORT at the RIGHT TIME RIGHT PEOPLE Getting the RIGHT SUPPORT at the RIGHT TIME from the from the RIGHT PEOPLE A Pre-planning Toolkit for people who are Deaf or Hard of Hearing entering Higher Education or Vocational Education and Training A Pre-planning Toolkit for people who are Deaf or Hard of Hearing entering Higher Education or Vocational Education and Training,Australian Government
deaf-deaf_mhfa_guidelines_-_march_2020__NEW.pdf,https://www.mhfa.com.au/wp-content/uploads/2023/12/MHFA_Deaf-to-Deaf-MHFA-Guidelines.pdf,CONSIDERATIONS WHEN PROVIDING MENTAL HEALTH FIRST AID TO A DEAF PERSON: GUIDELINES FOR DEAF FIRST AIDERS,Mental Health First Aid Australia
deaf-friendly-families.pdf,https://www.deafchildrenaustralia.org.au/wp-content/uploads/2021/06/deaf-friendly-families.pdf,Deaf Friendly Families,Aussie Deaf Kids
development-speech-language.pdf,https://www.deafchildrenaustralia.org.au/wp-content/uploads/2021/06/development-speech-language.pdf,Childrens Speech and Language Development,Deaf Children Australia
DHH-Plus_connecting-families_NEW.pdf,https://handsandvoices.org/resources/pubs/DHH-Plus_connecting-families.pdf,A Community of Support CONNECTING FAMILIES OF CHILDREN WHO ARE DEAF OR HARD OF HEARING PLUS (DHH PLUS) WITH RESOURCES AND SUPPORT,Early Hearing Detection & Intervention Parent to Parent Committee
EA-VRI-guide-full-booklet-Final_NEW.pdf,https://www.expression.com.au/uploads/main/EA-VRI-guide-full-booklet-Final.pdf,Video Remote Interpreting (VRI) A best practice guide for hospitals,Expression Australia
Family Tip Sheet_NEW.pdf,https://handsandvoices.org/resources/fostering-joy/ts-eng-FamilyTipSheet.pdf,The Joys of raising deaf or hard of hearing children - Family Tip Sheet,Hands & Voices
family-support-group.pdf,https://www.deafchildrenaustralia.org.au/wp-content/uploads/2021/06/family-support-group.pdf,Establishing a Family Support Group,Deaf Children Australia
FamilyTransitionTips_NEW.pdf,https://www.deafeducation.vic.edu.au/Resource/school-transition/FamilyTransitionTips.pdf,Top Ten Transition Tips For Families,Victorian Government
Front cover_NEW.pdf,https://accan.org.au/files/Grants/English-into-AuslanTranslationGuidelines_Web-accessible.pdf,Guidelines: English-into-Auslan Video Production,deaf connect ed | Melbourne PolyTechnic
Guide_parents_professionals_partnerships_NEW.pdf,https://handsandvoices.org/virtual-waiting-room/docs/Guide_parents_professionals_partnerships.pdf,Guide for parent-professional partnerships in the hearing healthcare setting,Hands & Voices
Handbook layout pages_NEW.pdf,https://www.handsandvoices.org/pdf/mainst_cal.pdf,"Mainstreaming the Student who is Deaf or Hard of Hearing - A Guide for Professionals, Teachers, and Parents",Hands & Voices
How listener friendly is your _Aussiedeafkids_OLD.pdf,https://www.aussiedeafkids.org.au/resources/education/information-for-your-childs-teacher/how-listener-friendly-is-your-classroom/,How listener friendly is your classroom?,Aussie Deaf Kids
IEP CHECKLIST_ RECOMMENDED ACCOMMODATIONS_NEW.pdf,https://www.handsandvoices.org/pdf/IEP_Checklist.pdf,IEP/504 CHECKLIST: ACCOMMODATIONS AND MODIFICATIONS FOR STUDENTS WHO ARE DEAF AND HARD OF HEARING,C.D. Johnson
language-development-deaf-children.pdf,https://www.deafchildrenaustralia.org.au/wp-content/uploads/2021/06/language-development-deaf-children.pdf,Language Development and Deaf Children,Deaf Children Australia
meetings-school.pdf,https://www.deafchildrenaustralia.org.au/wp-content/uploads/2021/06/meetings-school.pdf,Meetings at Your Childs School,Deaf Children Australia
Microsoft Word - preschool eval form.doc_NEW.pdf,https://www.handsandvoices.org/pdf/preschool_eval.pdf,Pre-school Evaluation Chart,Hands & Voices
Microsoft Word - self.advocacy.inventory_NEW.pdf,https://www.handsandvoices.org/pdf/SAIInventory.pdf,INFORMAL INVENTORY OF INDEPENDENCE AND SELF-ADVOCACY SKILLS FOR DEAF/HARD OF HEARING STUDENTS,George Clark | Laura Scheele
Microsoft Word - ZoomFriendlyIdeas.doc_NEW.pdf,https://www.auslanresources.com.au/Tips/AuslanZoomFriendlyIdeas.pdf,Auslan Zoom Friendly Activities,www.auslanresources.com.au
NAP - Adjustments for students with disability_NEW.pdf,https://www.nap.edu.au/naplan/accessibility/adjustments-for-students-with-disability,Adjustments for students with disability,Acara
OpeningDoors-WAFDC_NEW.pdf,https://wafdc.org.au/wp-content/uploads/2019/10/OpeningDoors-WAFDC.pdf,Opening Doors to your child's communication journey -  An information and resource guide for families with children who are Deaf or hard of hearing,WA Foundation for Deaf Children
P2Psupportactivities_empowerment_NEW.pdf,https://handsandvoices.org/great-start/docs/P2Psupportactivities_empowerment.pdf,Construct 3A - Competence & Confidence,Hands & Voices | Guide By Your Side
P2Psupportactivities_knowledge_NEW.pdf,https://handsandvoices.org/great-start/fam-support-guide/knowledge/,Construct 2A - Advocacy,Hands & Voices | Guide By Your Side
P2Psupportactivities_NEW.pdf,https://handsandvoices.org/great-start/fam-support-guide/index.html,Hands & Voices Family Support Activities Guide,Hands & Voices | Guide By Your Side
P2Psupportactivities_wellbeing_NEW.pdf,https://handsandvoices.org/great-start/docs/P2Psupportactivities_wellbeing.pdf,Construct 1A - Child Well Being,Hands & Voices | Guide By Your Side
Parent - Parent and family Communication_NEW.pdf,https://wafdc.org.au/wp-content/uploads/2020/Belong%20Resources/Parent%20-%20Parent%20and%20family%20Communication.pdf?_t=1580280919,Parent and family communication,WA Foundation for Deaf Children
Parent resources_Bullying prevention_NEW.pdf,https://wafdc.org.au/wp-content/uploads/2020/Belong%20Resources/Parent%20resources_Bullying%20prevention.pdf?_t=1580279404,Bullying Prevention,WA Foundation for Deaf Children
Parent resources_Communicating with the school_NEW.pdf,https://wafdc.org.au/wp-content/uploads/2020/Belong%20Resources/Parent%20resources_Communicating%20with%20the%20school.pdf?_t=1580283275,Communicating with the school,WA Foundation for Deaf Children
Parent resources_Friendships_NEW.pdf,https://wafdc.org.au/wp-content/uploads/2020/Belong%20Resources/Parent%20resources_Friendships.pdf?_t=1580281089,Friendships,WA Foundation for Deaf Children
Parent resources_Hearing loss and social and emotional needs of children_NEW.pdf,https://wafdc.org.au/wp-content/uploads/2020/Belong%20Resources/Parent%20resources_Hearing%20loss%20and%20social%20and%20emotional%20needs%20of%20children.pdf?_t=1580283891,Hearing loss and social and emotional needs of children,WA Foundation for Deaf Children
Parent resources_Identity formation and self image_NEW.pdf,https://wafdc.org.au/wp-content/uploads/2020/Belong%20Resources/Parent%20resources_Identity%20formation%20and%20self%20image.pdf?_t=1580283292,Identity formation and self-image,WA Foundation for Deaf Children
Parent resources_Internet and social media_NEW.pdf,https://wafdc.org.au/wp-content/uploads/2020/Belong%20Resources/Parent%20resources_Internet%20and%20social%20media.pdf?_t=1580283299,Internet and social media,WA Foundation for Deaf Children
Parents - Managing Emotions_NEW.pdf,https://wafdc.org.au/managing-emotions/,Managing Emotions,WA Foundation for Deaf Children
parents-guide_NEW.pdf,https://www.phonak.com/content/dam/phonak/en/guides-and-insights/pediatrics/parents-guide.pdf.coredownload.pdf,Children's Hearing - A guide for parents and caregivers,PHONAK
Parents_Effective commuication skills_NEW.pdf,https://wafdc.org.au/wp-content/uploads/2020/Belong%20Resources/Parents_Effective%20commuication%20skills.pdf?_t=1580279411,Effective communication skills,WA Foundation for Deaf Children
parenttake-aways_01-cognitive_NEW.pdf,https://handsandvoices.org/fl3/fl3-docs/parent-take-aways/parenttake-aways_01-cognitive.pdf,Parent Tip Sheet Cognitive Development,Hands & Voices
parenttake-aways_02-early-literacy_NEW.pdf,https://www.handsandvoices.org/fl3/fl3-docs/parent-take-aways/parenttake-aways_02-early-literacy.pdf,Parent Tip Sheet Early Literacy Development,Hands & Voices
parenttake-aways_04-lang-pragmatics_NEW.pdf,https://www.handsandvoices.org/fl3/fl3-docs/parent-take-aways/parenttake-aways_04-lang-pragmatics.pdf,Parent Tip Sheet Language Pragmatics,Hands & Voices
parenttake-aways_05-lang-semantics_NEW.pdf,https://www.handsandvoices.org/fl3/fl3-docs/parent-take-aways/parenttake-aways_05-lang-semantics.pdf,Parent Tip Sheet Language Semantics,Hands & Voices
parenttake-aways_06-lang-syntax-morphology_NEW.pdf,https://www.handsandvoices.org/fl3/fl3-docs/parent-take-aways/parenttake-aways_06-lang-syntax-morphology.pdf,Parent Tip Sheet Language Syntax & Morphology,Hands & Voices
parenttake-aways_07-social-emotional_NEW.pdf,https://handsandvoices.org/fl3/fl3-docs/parent-take-aways/parenttake-aways_07-social-emotional.pdf,Parent Tip Sheet Social Emotional Development,Hands & Voices
parenttake-aways_08-visual-lang-dev_NEW.pdf,https://handsandvoices.org/fl3/fl3-docs/parent-take-aways/parenttake-aways_08-visual-lang-dev.pdf,Parent Tip Sheet Visual Language Development,Hands & Voices
PMatrixPRNT36+_NEW.pdf,https://documents.nationaldb.org/products/Parent-Comm-Matrix-Final.pdf,Communication Matrix,"Charity Rowland, Ph.D."
PossibleTimelines_NEW.pdf,https://www.deafeducation.vic.edu.au/Resource/school-transition/PossibleTimelines.pdf,Possible timeline for school transition,Victorian Government
reading-writing.pdf,https://www.deafchildrenaustralia.org.au/wp-content/uploads/2021/06/reading-writing.pdf,Deaf and Hard of Hearing Students and Reading and Writing,Deaf Children Australia
rlt-genetic-testing.pdf,https://www.aussiedeafkids.org.au/genetic-testing-real-life-tips/,REAL LIFE TIPS - Genetic Testing,Aussie Deaf Kids
rlt-multilingualism-family-language-strategies.pdf,https://www.aussiedeafkids.org.au/multilingualism-family-language-strategy/,REAL LIFE TIPS - Multilingualism - Family language strategies,Aussie Deaf Kids
School Staff _Hearing loss and Social and Emotional Learning_NEW.pdf,https://wafdc.org.au/wp-content/uploads/2020/Belong%20Resources/School%20Staff%20_Hearing%20loss%20and%20Social%20and%20Emotional%20Learning.pdf?_t=1580278777,Hearing loss & social and emotional wellbeing,WA Foundation for Deaf Children
School Staff_Hearing loss and education outcomes_NEW.pdf,https://wafdc.org.au/wp-content/uploads/2020/Belong%20Resources/School%20Staff_Hearing%20loss%20and%20education%20outcomes.pdf?_t=1580278787,Hearing loss and educational outcomes,WA Foundation for Deaf Children
School Staff_Mechanics and types of hearing loss_NEW.pdf,https://wafdc.org.au/wp-content/uploads/2020/Belong%20Resources/School%20Staff_Mechanics%20and%20types%20of%20hearing%20loss.pdf?_t=1580278796,Mechanics and types of hearing loss,WA Foundation for Deaf Children
School Staff_Tips for Teachers_NEW.pdf,https://wafdc.org.au/wp-content/uploads/2020/Belong%20Resources/School%20Staff_Tips%20for%20Teachers.pdf?_t=1580278805,Tips for teachers,WA Foundation for Deaf Children
SelfAdvSF_NEW.pdf,https://www.deafeducation.vic.edu.au/Resource/school-transition/SelfAdvSF.pdf,Self-Advocacy Skills Checklist for Senior Secondary Students (Years 10-12),Victorian Deaf Education Institute
SelfAdvTF_NEW.pdf,https://www.deafeducation.vic.edu.au/Resource/school-transition/SelfAdvTF.pdf,Scoring Sheet - Self-Advocacy Skills Checklist for Senior Secondary Students (Years 10-12),Victorian Deaf Education Institute
socialization_8x11.qxp.pdf,https://www.handsandvoices.org/needs/socialization.htm,What Parents Need to Know,Hands & Voices
Speech and Language Developmental Milestones_NEW.pdf,https://www.nidcd.nih.gov/sites/default/files/Documents/health/voice/NIDCD-Speech-Language-Dev-Milestones.pdf,Speech and Language Developmental Milestones,National Institute on Deafness and Other Communication Disorders
StudentSupportMeeting_NEW.pdf,https://www.deafeducation.vic.edu.au/Resource/school-transition/StudentSupportMeeting.pdf,Student Support Group (SSG) Meeting,Victoria State Government
Sub30 Deaf Australia_NEW.pdf,https://www.aph.gov.au/DocumentStore.ashx?id=9e333277-32f4-4511-8fdd-6ee8adc3884c&subId=508939,Inquiry into the social issues relating to land-based driverless vehicles in Australia,Deaf Australia Inc.
TeachersTransitionTips_NEW.pdf,https://www.deafeducation.vic.edu.au/Resource/school-transition/TeachersTransitionTips.pdf,Top Ten Transition Tips For Teachers,Victoria State Government
ACT Disability Services Act 1991_OLD.pdf,https://www.austlii.edu.au/au/legis/vic/hist_act/dsa1991213.pdf,Disability Services Act 1991,Victorian Government
Assistive Technology Guidelines (VIC)_OLD.pdf,https://www.health.vic.gov.au/sites/default/files/2024-01/victorian-aids-and-equipment-program-guidelines-december-2023.pdf,Victorian Aids and Equipment Program guidelines,Department of Health - Victorian Government
Carers (Recognition) Act 2008-qld_NEW.pdf,https://www.legislation.qld.gov.au/view/pdf/2024-02-01/act-2008-070,Carers (Recognition) Act 2008,Queensland Government
DCJ Disability Inclusion Action Plan 2020-2024_NEW.pdf,https://dcj.nsw.gov.au/documents/about-us/diap/dcj-diap-2020-2024.pdf,Disability Inclusion Action Plan 2020-24,NSW Department of Communities and Justice
DIAP Guidelines 2022_NEW.pdf,https://dcj.nsw.gov.au/documents/community-inclusion/disability-inclusion/nsw-diap-guidelines.pdf,NSW Disability Inclusion Action Planning Guidelines,NSW State Government
Disability Advocacy Summary_NEW.pdf,https://ageingdisabilitycommission.nsw.gov.au/documents/news/events-and-consultations/765863-Disability-Advocacy-Summary.pdf,NSW Disability Advocacy Futures Program,NSW State Government
Disability Inclusion Act 2014 No 41 - NSW Legislation_NEW.pdf,https://legislation.nsw.gov.au/view/whole/html/inforce/current/act-2014-041,Disability Inclusion Act 2014 No 41,NSW State Government
Disability Inclusion Action Plan-nsw_NEW.pdf,https://www.nsw.gov.au/sites/default/files/noindex/2025-03/disabililty-inclusion-action-plan-2025-2029-the-cabinet-office-and-premiers-department.pdf,Disability Inclusion Action Plan 20252029,NSW State Government
Disability Services Regulation 2017-QLD_NEW.pdf,https://www.legislation.qld.gov.au/view/pdf/inforce/current/sl-2017-0099,Disability Services Regulation 2017,Queensland Government
Disability Standards for Education 2005 - Federal Register of Legislation_NEW.pdf,https://www.legislation.gov.au/F2005L00767/latest/text,Disability Standards for Education 2005,Australian Government
Education (Accreditation of Non-State Schools) Act 2017-QLD_NEW.pdf,https://www.legislation.qld.gov.au/view/pdf/2024-02-01/act-2017-024,Education (Accreditation of Non-State Schools) Act 2017,Queensland Government
Education (General Provisions) Act 2006-QLD_NEW.pdf,https://www.legislation.qld.gov.au/view/pdf/inforce/current/act-2006-039,Education (General Provisions) Act 2006,Queensland Government
Education and Care Services Act 2013-QLD_NEW.pdf,https://www.legislation.qld.gov.au/view/pdf/inforce/current/act-2013-044,Education and Care Services Act 2013,Queensland Government
Education and Care Services National Law (Queensland)_NEW.pdf,https://www.legislation.qld.gov.au/view/pdf/2023-11-22/act-2013-ecsnlq,Education and Care Services National Law (Queensland),Queensland Government
Human Rights Act 2019-qld_NEW.pdf,https://www.legislation.qld.gov.au/view/pdf/inforce/current/act-2019-005,Human Rights Act 2019,Queensland Government
Inclusive Education Policy (QLD)_OLD.pdf,https://ppr.qed.qld.gov.au/attachment/inclusive-education-policy.pdf,Inclusive education policy,Queensland Government
Information Privacy Act 2009-QLD_NEW.pdf,https://www.legislation.qld.gov.au/view/pdf/inforce/current/act-2009-014,Information Privacy Act 2009,Queensland Government
NSW Disability Inclusion Act 2014_OLD.pdf,https://legislation.nsw.gov.au/view/html/inforce/current/act-2014-041,Disability Inclusion Act 2014 No 41,NSW State Government
NSW Disability Inclusion Education Policy_2014_OLD.pdf,https://legislation.nsw.gov.au/view/whole/pdf/inforce/2023-07-01/act-2014-041,Disability Inclusion Act 2014 No 41,NSW State Government
NSW Inclusive Education Statement_OLD.pdf,https://education.nsw.gov.au/content/dam/main-education/teaching-and-learning/disability-learning-and-support/our-disability-strategy/inclusive-education/Inclusive-Education-Statement.pdf,Inclusive Education Statement for students with disability,NSW Department of Education
NT Disability Services Act 1993_OLD.pdf,https://legislation.nt.gov.au/en/Legislation/DISABILITY-SERVICES-ACT-1993,DISABILITY SERVICES ACT 1993,Northern Territory Government
QLD Disability Services Act 2006_OLD.pdf,https://www.legislation.qld.gov.au/view/html/inforce/current/act-2006-012,Disability Services Act 2006,Queensland Government
Reasonable Adjustments Guide (QLD)_OLD.pdf,https://desbt.qld.gov.au/__data/assets/pdf_file/0028/8299/reasonable-adjustment-for-web.pdf,"Reasonable adjustment in teaching, learning and assessment forlearners with disability",Queensland Government
SA Disability Inclusion Act 2018_OLD.pdf,https://www.legislation.sa.gov.au/__legislation/lz/c/a/disability%20inclusion%20act%202018/current/2018.1.auth.pdf,Disability Inclusion Act 2018,SA State Government
TAS Disability Services Act 2011_OLD.pdf,https://www.legislation.tas.gov.au/view/whole/html/asmade/act-2011-027,Disability Services Act 2011,Tasmanian State Government
Victoria Disability Act 2006_OLD.pdf,https://www.legislation.vic.gov.au/in-force/acts/disability-act-2006/023,Authorised Version No. 023 Disability Act 2006,Victorian State Government
Victoria Disability Inclusion Program_OLD.pdf,https://www.education.vic.gov.au/about/programs/Pages/disabilityinclusion.aspx,Disability Inclusion,Victorian State Government
View - NSW legislation- carers and young person protection act_NEW.pdf,https://legislation.nsw.gov.au/view/whole/pdf/inforce/2025-05-16/act-1998-157,Children and Young Persons (Care and Protection) Act 1998 No 157,NSW State Government
View - NSW legislation-administration Act_NEW.pdf,https://legislation.nsw.gov.au/view/whole/pdf/inforce/2025-05-16/sl-2023-0139,Administrative Arrangements (Minns MinistryAdministration of Acts) Order 2023,NSW State Government
View - NSW legislation-community welfare_NEW.pdf,https://legislation.nsw.gov.au/view/whole/pdf/inforce/2025-05-16/act-1987-052,Community Welfare Act 1987 No 52,NSW State Government
View - NSW legislation-ombudsman_NEW.pdf,https://legislation.nsw.gov.au/view/whole/pdf/inforce/2025-05-16/act-1974-068,Ombudsman Act 1974 No 68,NSW State Government
WA Disability Services Act 1993_OLD.pdf,https://www.legislation.wa.gov.au/legislation/prod/filestore.nsf/FileURL/mrdoc_47664.pdf/$FILE/Disability%20Services%20Act%201993%20-%20%5B04-h0-00%5D.pdf?OpenElement,Disability Services Act 1993,WA State Government
